--------------------------------------------------------
--  File created - péntek-május-17-2019   
--------------------------------------------------------
--------------------------------------------------------
--  DDL for Table IRO
--------------------------------------------------------

  CREATE TABLE "BOOKSTORE"."IRO" 
   (	"NEV" VARCHAR2(40 BYTE)
   ) SEGMENT CREATION IMMEDIATE 
  PCTFREE 10 PCTUSED 40 INITRANS 1 MAXTRANS 255 NOCOMPRESS LOGGING
  STORAGE(INITIAL 65536 NEXT 1048576 MINEXTENTS 1 MAXEXTENTS 2147483645
  PCTINCREASE 0 FREELISTS 1 FREELIST GROUPS 1 BUFFER_POOL DEFAULT FLASH_CACHE DEFAULT CELL_FLASH_CACHE DEFAULT)
  TABLESPACE "SYSTEM" ;
--------------------------------------------------------
--  DDL for Table KATEGORIA
--------------------------------------------------------

  CREATE TABLE "BOOKSTORE"."KATEGORIA" 
   (	"MEGNEVEZES" VARCHAR2(30 BYTE), 
	"FOKATEGORIA" VARCHAR2(30 BYTE)
   ) SEGMENT CREATION IMMEDIATE 
  PCTFREE 10 PCTUSED 40 INITRANS 1 MAXTRANS 255 NOCOMPRESS LOGGING
  STORAGE(INITIAL 65536 NEXT 1048576 MINEXTENTS 1 MAXEXTENTS 2147483645
  PCTINCREASE 0 FREELISTS 1 FREELIST GROUPS 1 BUFFER_POOL DEFAULT FLASH_CACHE DEFAULT CELL_FLASH_CACHE DEFAULT)
  TABLESPACE "SYSTEM" ;
--------------------------------------------------------
--  DDL for Table KIADO
--------------------------------------------------------

  CREATE TABLE "BOOKSTORE"."KIADO" 
   (	"NEV" VARCHAR2(40 BYTE)
   ) SEGMENT CREATION IMMEDIATE 
  PCTFREE 10 PCTUSED 40 INITRANS 1 MAXTRANS 255 NOCOMPRESS LOGGING
  STORAGE(INITIAL 65536 NEXT 1048576 MINEXTENTS 1 MAXEXTENTS 2147483645
  PCTINCREASE 0 FREELISTS 1 FREELIST GROUPS 1 BUFFER_POOL DEFAULT FLASH_CACHE DEFAULT CELL_FLASH_CACHE DEFAULT)
  TABLESPACE "SYSTEM" ;
--------------------------------------------------------
--  DDL for Table KONYV
--------------------------------------------------------

  CREATE TABLE "BOOKSTORE"."KONYV" 
   (	"ISBN" NUMBER(13,0), 
	"CIM" VARCHAR2(40 BYTE), 
	"KIADO" VARCHAR2(40 BYTE), 
	"KIADASI_EV" NUMBER(4,0), 
	"KATEGORIA" VARCHAR2(30 BYTE), 
	"OLDALAK_SZAMA" NUMBER(4,0), 
	"AR" NUMBER(5,0), 
	"FELVETEL_DATUMA" DATE
   ) SEGMENT CREATION IMMEDIATE 
  PCTFREE 10 PCTUSED 40 INITRANS 1 MAXTRANS 255 NOCOMPRESS LOGGING
  STORAGE(INITIAL 65536 NEXT 1048576 MINEXTENTS 1 MAXEXTENTS 2147483645
  PCTINCREASE 0 FREELISTS 1 FREELIST GROUPS 1 BUFFER_POOL DEFAULT FLASH_CACHE DEFAULT CELL_FLASH_CACHE DEFAULT)
  TABLESPACE "SYSTEM" ;
--------------------------------------------------------
--  DDL for Table RENDELES
--------------------------------------------------------

  CREATE TABLE "BOOKSTORE"."RENDELES" 
   (	"RENDELESSZAM" NUMBER(4,0), 
	"MEGRENDELO" VARCHAR2(40 BYTE), 
	"TELEFONSZAM" VARCHAR2(20 BYTE), 
	"EMAIL" VARCHAR2(40 BYTE), 
	"SZALLITASI_CIM" VARCHAR2(100 BYTE), 
	"RENDELES_DATUMA" DATE, 
	"ALLAPOT" VARCHAR2(20 BYTE)
   ) SEGMENT CREATION IMMEDIATE 
  PCTFREE 10 PCTUSED 40 INITRANS 1 MAXTRANS 255 NOCOMPRESS LOGGING
  STORAGE(INITIAL 65536 NEXT 1048576 MINEXTENTS 1 MAXEXTENTS 2147483645
  PCTINCREASE 0 FREELISTS 1 FREELIST GROUPS 1 BUFFER_POOL DEFAULT FLASH_CACHE DEFAULT CELL_FLASH_CACHE DEFAULT)
  TABLESPACE "SYSTEM" ;
--------------------------------------------------------
--  DDL for Table RENDELES_TETEL
--------------------------------------------------------

  CREATE TABLE "BOOKSTORE"."RENDELES_TETEL" 
   (	"RENDELESSZAM" NUMBER(4,0), 
	"ISBN" NUMBER(13,0), 
	"MENNYISEG" NUMBER(2,0) DEFAULT 1
   ) SEGMENT CREATION IMMEDIATE 
  PCTFREE 10 PCTUSED 40 INITRANS 1 MAXTRANS 255 NOCOMPRESS LOGGING
  STORAGE(INITIAL 65536 NEXT 1048576 MINEXTENTS 1 MAXEXTENTS 2147483645
  PCTINCREASE 0 FREELISTS 1 FREELIST GROUPS 1 BUFFER_POOL DEFAULT FLASH_CACHE DEFAULT CELL_FLASH_CACHE DEFAULT)
  TABLESPACE "SYSTEM" ;
--------------------------------------------------------
--  DDL for Table SZERZOJE
--------------------------------------------------------

  CREATE TABLE "BOOKSTORE"."SZERZOJE" 
   (	"ISBN" NUMBER(13,0), 
	"SZERZO" VARCHAR2(30 BYTE)
   ) SEGMENT CREATION IMMEDIATE 
  PCTFREE 10 PCTUSED 40 INITRANS 1 MAXTRANS 255 NOCOMPRESS LOGGING
  STORAGE(INITIAL 65536 NEXT 1048576 MINEXTENTS 1 MAXEXTENTS 2147483645
  PCTINCREASE 0 FREELISTS 1 FREELIST GROUPS 1 BUFFER_POOL DEFAULT FLASH_CACHE DEFAULT CELL_FLASH_CACHE DEFAULT)
  TABLESPACE "SYSTEM" ;
REM INSERTING into BOOKSTORE.IRO
SET DEFINE OFF;
Insert into BOOKSTORE.IRO (NEV) values ('Adrian Tchaikovsky');
Insert into BOOKSTORE.IRO (NEV) values ('Alan Moore');
Insert into BOOKSTORE.IRO (NEV) values ('Andy Weir');
Insert into BOOKSTORE.IRO (NEV) values ('Anthony Burgess');
Insert into BOOKSTORE.IRO (NEV) values ('Art Spiegelman');
Insert into BOOKSTORE.IRO (NEV) values ('Bartis Attila');
Insert into BOOKSTORE.IRO (NEV) values ('Dan Simmons');
Insert into BOOKSTORE.IRO (NEV) values ('Eddie Campbell');
Insert into BOOKSTORE.IRO (NEV) values ('Friedrich Nietzsche');
Insert into BOOKSTORE.IRO (NEV) values ('George R. R. Martin');
Insert into BOOKSTORE.IRO (NEV) values ('Immanuel Kant');
Insert into BOOKSTORE.IRO (NEV) values ('Jeff Vandermeer');
Insert into BOOKSTORE.IRO (NEV) values ('Joe Hill');
Insert into BOOKSTORE.IRO (NEV) values ('Manfred Flügge');
Insert into BOOKSTORE.IRO (NEV) values ('Marcus Aurelius');
Insert into BOOKSTORE.IRO (NEV) values ('Michael Crichton');
Insert into BOOKSTORE.IRO (NEV) values ('Richard J. Evans');
Insert into BOOKSTORE.IRO (NEV) values ('Stanislaw Lem');
Insert into BOOKSTORE.IRO (NEV) values ('Stephen W. Hawking');
REM INSERTING into BOOKSTORE.KATEGORIA
SET DEFINE OFF;
Insert into BOOKSTORE.KATEGORIA (MEGNEVEZES,FOKATEGORIA) values ('Szórakoztató irodalom','Irodalom');
Insert into BOOKSTORE.KATEGORIA (MEGNEVEZES,FOKATEGORIA) values ('Szépirodalom','Irodalom');
Insert into BOOKSTORE.KATEGORIA (MEGNEVEZES,FOKATEGORIA) values ('Irodalom',null);
Insert into BOOKSTORE.KATEGORIA (MEGNEVEZES,FOKATEGORIA) values ('Társadalom tudományok',null);
Insert into BOOKSTORE.KATEGORIA (MEGNEVEZES,FOKATEGORIA) values ('Filozófia','Társadalom tudományok');
Insert into BOOKSTORE.KATEGORIA (MEGNEVEZES,FOKATEGORIA) values ('Regény','Szépirodalom');
Insert into BOOKSTORE.KATEGORIA (MEGNEVEZES,FOKATEGORIA) values ('Történelem',null);
Insert into BOOKSTORE.KATEGORIA (MEGNEVEZES,FOKATEGORIA) values ('Sci-fi','Szórakoztató irodalom');
Insert into BOOKSTORE.KATEGORIA (MEGNEVEZES,FOKATEGORIA) values ('Thriller','Szórakoztató irodalom');
Insert into BOOKSTORE.KATEGORIA (MEGNEVEZES,FOKATEGORIA) values ('Krimi','Szórakoztató irodalom');
Insert into BOOKSTORE.KATEGORIA (MEGNEVEZES,FOKATEGORIA) values ('Fantasy','Szórakoztató irodalom');
Insert into BOOKSTORE.KATEGORIA (MEGNEVEZES,FOKATEGORIA) values ('Képregény',null);
Insert into BOOKSTORE.KATEGORIA (MEGNEVEZES,FOKATEGORIA) values ('Tudomány és Természet',null);
Insert into BOOKSTORE.KATEGORIA (MEGNEVEZES,FOKATEGORIA) values ('Csillagászat','Tudomány és Természet');
REM INSERTING into BOOKSTORE.KIADO
SET DEFINE OFF;
Insert into BOOKSTORE.KIADO (NEV) values ('Agave Könyvek Kiadó Kft.');
Insert into BOOKSTORE.KIADO (NEV) values ('Akkord Kiadó Kft.');
Insert into BOOKSTORE.KIADO (NEV) values ('Alexandra Kiadó');
Insert into BOOKSTORE.KIADO (NEV) values ('Alexandra Könyvesház Kft.');
Insert into BOOKSTORE.KIADO (NEV) values ('Corvinia Kiadó Kft.');
Insert into BOOKSTORE.KIADO (NEV) values ('Fumax Kft.');
Insert into BOOKSTORE.KIADO (NEV) values ('Gabo Könyvkiado Kft.');
Insert into BOOKSTORE.KIADO (NEV) values ('Göncöl Kiadó Kft.');
Insert into BOOKSTORE.KIADO (NEV) values ('Helikon Kiadó Kft.');
Insert into BOOKSTORE.KIADO (NEV) values ('Kossuth Kiadó Zrt.');
Insert into BOOKSTORE.KIADO (NEV) values ('Libri Könyvkiadó Kft.');
Insert into BOOKSTORE.KIADO (NEV) values ('Magvetõ Kft.');
Insert into BOOKSTORE.KIADO (NEV) values ('Park Könyvkiadó Kft.');
Insert into BOOKSTORE.KIADO (NEV) values ('Vad Virágok Kiadó Kft.');
REM INSERTING into BOOKSTORE.KONYV
SET DEFINE OFF;
Insert into BOOKSTORE.KONYV (ISBN,CIM,KIADO,KIADASI_EV,KATEGORIA,OLDALAK_SZAMA,AR,FELVETEL_DATUMA) values ('9789634472384','Dermesztõ Nyár','Alexandra Könyvesház Kft.','2018','Krimi','672','4499',to_date('19-MÁJ.  -09','RR-MON-DD'));
Insert into BOOKSTORE.KONYV (ISBN,CIM,KIADO,KIADASI_EV,KATEGORIA,OLDALAK_SZAMA,AR,FELVETEL_DATUMA) values ('9789634194347','Terror','Agave Könyvek Kiadó Kft.','2018','Thriller','714','5980',to_date('19-MÁJ.  -09','RR-MON-DD'));
Insert into BOOKSTORE.KONYV (ISBN,CIM,KIADO,KIADASI_EV,KATEGORIA,OLDALAK_SZAMA,AR,FELVETEL_DATUMA) values ('9789631365801','Nagyváros lélek nélkül. Bécs 1938','Corvinia Kiadó Kft.','2019','Történelem','431','4990',to_date('19-MÁJ.  -11','RR-MON-DD'));
Insert into BOOKSTORE.KONYV (ISBN,CIM,KIADO,KIADASI_EV,KATEGORIA,OLDALAK_SZAMA,AR,FELVETEL_DATUMA) values ('9789639183377','Ecce Homo','Göncöl Kiadó Kft.','2003','Filozófia','146','1895',to_date('19-MÁJ.  -14','RR-MON-DD'));
Insert into BOOKSTORE.KONYV (ISBN,CIM,KIADO,KIADASI_EV,KATEGORIA,OLDALAK_SZAMA,AR,FELVETEL_DATUMA) values ('9789634793335','Elmélkedések','Helikon Kiadó Kft.','2019','Filozófia','165','1299',to_date('19-MÁJ.  -14','RR-MON-DD'));
Insert into BOOKSTORE.KONYV (ISBN,CIM,KIADO,KIADASI_EV,KATEGORIA,OLDALAK_SZAMA,AR,FELVETEL_DATUMA) values ('9789634792987','Az örök béke','Helikon Kiadó Kft.','2019','Filozófia','84','1499',to_date('19-MÁJ.  -14','RR-MON-DD'));
Insert into BOOKSTORE.KONYV (ISBN,CIM,KIADO,KIADASI_EV,KATEGORIA,OLDALAK_SZAMA,AR,FELVETEL_DATUMA) values ('9789632276359','Gépnarancs','Helikon Kiadó Kft.','2016','Regény','220','2999',to_date('19-MÁJ.  -14','RR-MON-DD'));
Insert into BOOKSTORE.KONYV (ISBN,CIM,KIADO,KIADASI_EV,KATEGORIA,OLDALAK_SZAMA,AR,FELVETEL_DATUMA) values ('9789634790853','Az úr hangja','Helikon Kiadó Kft.','2018','Regény','288','2999',to_date('19-MÁJ.  -14','RR-MON-DD'));
Insert into BOOKSTORE.KONYV (ISBN,CIM,KIADO,KIADASI_EV,KATEGORIA,OLDALAK_SZAMA,AR,FELVETEL_DATUMA) values ('9789634194040','Expedíció','Agave Könyvek Kiadó Kft.','2018','Sci-fi','172','2980',to_date('19-MÁJ.  -14','RR-MON-DD'));
Insert into BOOKSTORE.KONYV (ISBN,CIM,KIADO,KIADASI_EV,KATEGORIA,OLDALAK_SZAMA,AR,FELVETEL_DATUMA) values ('9789634700074','Az idõ gyermekei','Fumax Kft.','2017','Sci-fi','612','4995',to_date('19-MÁJ.  -14','RR-MON-DD'));
Insert into BOOKSTORE.KONYV (ISBN,CIM,KIADO,KIADASI_EV,KATEGORIA,OLDALAK_SZAMA,AR,FELVETEL_DATUMA) values ('9789630984751','A gömb','Kossuth Kiadó Zrt.','2016','Sci-fi','413','3600',to_date('19-MÁJ.  -14','RR-MON-DD'));
Insert into BOOKSTORE.KONYV (ISBN,CIM,KIADO,KIADASI_EV,KATEGORIA,OLDALAK_SZAMA,AR,FELVETEL_DATUMA) values ('9789634470878','Trónok harca','Alexandra Kiadó','2018','Fantasy','925','4999',to_date('19-MÁJ.  -14','RR-MON-DD'));
Insert into BOOKSTORE.KONYV (ISBN,CIM,KIADO,KIADASI_EV,KATEGORIA,OLDALAK_SZAMA,AR,FELVETEL_DATUMA) values ('9786155514333','A marsi','Fumax Kft.','2015','Sci-fi','357','4495',to_date('19-MÁJ.  -14','RR-MON-DD'));
Insert into BOOKSTORE.KONYV (ISBN,CIM,KIADO,KIADASI_EV,KATEGORIA,OLDALAK_SZAMA,AR,FELVETEL_DATUMA) values ('9789633552605','A Harmadik Birodalom születése','Park Könyvkiadó Kft.','2015','Történelem','600','7500',to_date('19-MÁJ.  -14','RR-MON-DD'));
Insert into BOOKSTORE.KONYV (ISBN,CIM,KIADO,KIADASI_EV,KATEGORIA,OLDALAK_SZAMA,AR,FELVETEL_DATUMA) values ('9789634192541','Borne','Agave Könyvek Kiadó Kft.','2017','Sci-fi','315','3580',to_date('19-MÁJ.  -14','RR-MON-DD'));
Insert into BOOKSTORE.KONYV (ISBN,CIM,KIADO,KIADASI_EV,KATEGORIA,OLDALAK_SZAMA,AR,FELVETEL_DATUMA) values ('9789634700456','Hadállat','Fumax Kft.','2018','Sci-fi','340','3995',to_date('19-MÁJ.  -14','RR-MON-DD'));
Insert into BOOKSTORE.KONYV (ISBN,CIM,KIADO,KIADASI_EV,KATEGORIA,OLDALAK_SZAMA,AR,FELVETEL_DATUMA) values ('9789634067962','NOS4A2','Gabo Könyvkiado Kft.','2019','Thriller','756','4990',to_date('19-MÁJ.  -14','RR-MON-DD'));
Insert into BOOKSTORE.KONYV (ISBN,CIM,KIADO,KIADASI_EV,KATEGORIA,OLDALAK_SZAMA,AR,FELVETEL_DATUMA) values ('9789634333678','A teljes Maus','Libri Könyvkiadó Kft.','2019','Képregény','296','3799',to_date('19-MÁJ.  -14','RR-MON-DD'));
Insert into BOOKSTORE.KONYV (ISBN,CIM,KIADO,KIADASI_EV,KATEGORIA,OLDALAK_SZAMA,AR,FELVETEL_DATUMA) values ('9789632521213','Az idõ rövid története','Akkord Kiadó Kft.','2019','Csillagászat','256','5690',to_date('19-MÁJ.  -14','RR-MON-DD'));
Insert into BOOKSTORE.KONYV (ISBN,CIM,KIADO,KIADASI_EV,KATEGORIA,OLDALAK_SZAMA,AR,FELVETEL_DATUMA) values ('9789634194071','Kontroll','Agave Könyvek Kiadó Kft.','2018','Sci-fi','321','3280',to_date('19-MÁJ.  -14','RR-MON-DD'));
Insert into BOOKSTORE.KONYV (ISBN,CIM,KIADO,KIADASI_EV,KATEGORIA,OLDALAK_SZAMA,AR,FELVETEL_DATUMA) values ('9789631422511','A nyugalom','Magvetõ Kft.','2018','Regény','326','3499',to_date('19-MÁJ.  -14','RR-MON-DD'));
Insert into BOOKSTORE.KONYV (ISBN,CIM,KIADO,KIADASI_EV,KATEGORIA,OLDALAK_SZAMA,AR,FELVETEL_DATUMA) values ('9789631425796','A séta','Magvetõ Kft.','2017','Regény','154','2490',to_date('19-MÁJ.  -14','RR-MON-DD'));
Insert into BOOKSTORE.KONYV (ISBN,CIM,KIADO,KIADASI_EV,KATEGORIA,OLDALAK_SZAMA,AR,FELVETEL_DATUMA) values ('9789630982771','Jurassic Park','Kossuth Kiadó Zrt.','2015','Thriller','496','3600',to_date('19-MÁJ.  -17','RR-MON-DD'));
Insert into BOOKSTORE.KONYV (ISBN,CIM,KIADO,KIADASI_EV,KATEGORIA,OLDALAK_SZAMA,AR,FELVETEL_DATUMA) values ('9789639998629','A pokolból','Vad Virágok Kiadó Kft.','2019','Képregény','574','7590',to_date('19-MÁJ.  -17','RR-MON-DD'));
Insert into BOOKSTORE.KONYV (ISBN,CIM,KIADO,KIADASI_EV,KATEGORIA,OLDALAK_SZAMA,AR,FELVETEL_DATUMA) values ('9789632274690','Bálványok alkonya','Helikon Kiadó Kft.','2019','Filozófia','128','999',to_date('19-MÁJ.  -17','RR-MON-DD'));
REM INSERTING into BOOKSTORE.RENDELES
SET DEFINE OFF;
Insert into BOOKSTORE.RENDELES (RENDELESSZAM,MEGRENDELO,TELEFONSZAM,EMAIL,SZALLITASI_CIM,RENDELES_DATUMA,ALLAPOT) values ('4','Futár Zoltán','+36304514487','zolifutar@gmail.com','Gyõr, Szivárvány utca 33',to_date('19-MÁJ.  -14','RR-MON-DD'),'New');
Insert into BOOKSTORE.RENDELES (RENDELESSZAM,MEGRENDELO,TELEFONSZAM,EMAIL,SZALLITASI_CIM,RENDELES_DATUMA,ALLAPOT) values ('3','Hûvös Kornél','06704859748','huvos@citromal.com','Budapest, Sáros utca 13',to_date('19-MÁJ.  -14','RR-MON-DD'),'New');
Insert into BOOKSTORE.RENDELES (RENDELESSZAM,MEGRENDELO,TELEFONSZAM,EMAIL,SZALLITASI_CIM,RENDELES_DATUMA,ALLAPOT) values ('2','Pocsai Zsolt','06306075064','pocsaizsolt@freemail.hu','Szeged, Damjanich utca 22',to_date('19-MÁJ.  -14','RR-MON-DD'),'Processed');
Insert into BOOKSTORE.RENDELES (RENDELESSZAM,MEGRENDELO,TELEFONSZAM,EMAIL,SZALLITASI_CIM,RENDELES_DATUMA,ALLAPOT) values ('5','Peter Griffin','+36704571121','iamcrazy@gmail.com','Quaghao',to_date('19-MÁJ.  -17','RR-MON-DD'),'New');
Insert into BOOKSTORE.RENDELES (RENDELESSZAM,MEGRENDELO,TELEFONSZAM,EMAIL,SZALLITASI_CIM,RENDELES_DATUMA,ALLAPOT) values ('6','Peter Falk','+36309695532','colombo@gmail.com','California',to_date('19-MÁJ.  -17','RR-MON-DD'),'New');
Insert into BOOKSTORE.RENDELES (RENDELESSZAM,MEGRENDELO,TELEFONSZAM,EMAIL,SZALLITASI_CIM,RENDELES_DATUMA,ALLAPOT) values ('7','Simple Joe','+36304018845','simple@gmail.com','Budapest, Magyaros utca 3',to_date('19-MÁJ.  -17','RR-MON-DD'),'New');
Insert into BOOKSTORE.RENDELES (RENDELESSZAM,MEGRENDELO,TELEFONSZAM,EMAIL,SZALLITASI_CIM,RENDELES_DATUMA,ALLAPOT) values ('8','Dombi Ferenc','+36307084595','dombos@citromail.com','Pécs, Árkos körút 32',to_date('19-MÁJ.  -17','RR-MON-DD'),'New');
Insert into BOOKSTORE.RENDELES (RENDELESSZAM,MEGRENDELO,TELEFONSZAM,EMAIL,SZALLITASI_CIM,RENDELES_DATUMA,ALLAPOT) values ('9','Kardos Ágnes','+36305023069','gameofthrones@gmail.com','Szeged, Szivárvány utca 12',to_date('19-MÁJ.  -17','RR-MON-DD'),'New');
REM INSERTING into BOOKSTORE.RENDELES_TETEL
SET DEFINE OFF;
Insert into BOOKSTORE.RENDELES_TETEL (RENDELESSZAM,ISBN,MENNYISEG) values ('2','9789631425796','1');
Insert into BOOKSTORE.RENDELES_TETEL (RENDELESSZAM,ISBN,MENNYISEG) values ('3','9789633552605','1');
Insert into BOOKSTORE.RENDELES_TETEL (RENDELESSZAM,ISBN,MENNYISEG) values ('2','9789631422511','1');
Insert into BOOKSTORE.RENDELES_TETEL (RENDELESSZAM,ISBN,MENNYISEG) values ('3','9789634792987','1');
Insert into BOOKSTORE.RENDELES_TETEL (RENDELESSZAM,ISBN,MENNYISEG) values ('4','9789634700074','1');
Insert into BOOKSTORE.RENDELES_TETEL (RENDELESSZAM,ISBN,MENNYISEG) values ('5','9789634333678','1');
Insert into BOOKSTORE.RENDELES_TETEL (RENDELESSZAM,ISBN,MENNYISEG) values ('5','9789631425796','1');
Insert into BOOKSTORE.RENDELES_TETEL (RENDELESSZAM,ISBN,MENNYISEG) values ('6','9789634194040','1');
Insert into BOOKSTORE.RENDELES_TETEL (RENDELESSZAM,ISBN,MENNYISEG) values ('6','9786155514333','1');
Insert into BOOKSTORE.RENDELES_TETEL (RENDELESSZAM,ISBN,MENNYISEG) values ('7','9789630984751','1');
Insert into BOOKSTORE.RENDELES_TETEL (RENDELESSZAM,ISBN,MENNYISEG) values ('7','9789634194040','1');
Insert into BOOKSTORE.RENDELES_TETEL (RENDELESSZAM,ISBN,MENNYISEG) values ('7','9789634700456','1');
Insert into BOOKSTORE.RENDELES_TETEL (RENDELESSZAM,ISBN,MENNYISEG) values ('8','9789634194347','1');
Insert into BOOKSTORE.RENDELES_TETEL (RENDELESSZAM,ISBN,MENNYISEG) values ('8','9789634067962','1');
Insert into BOOKSTORE.RENDELES_TETEL (RENDELESSZAM,ISBN,MENNYISEG) values ('8','9789634472384','1');
Insert into BOOKSTORE.RENDELES_TETEL (RENDELESSZAM,ISBN,MENNYISEG) values ('9','9789634470878','3');
REM INSERTING into BOOKSTORE.SZERZOJE
SET DEFINE OFF;
Insert into BOOKSTORE.SZERZOJE (ISBN,SZERZO) values ('9786155514333','Andy Weir');
Insert into BOOKSTORE.SZERZOJE (ISBN,SZERZO) values ('9789630982771','Michael Crichton');
Insert into BOOKSTORE.SZERZOJE (ISBN,SZERZO) values ('9789630984751','Michael Crichton');
Insert into BOOKSTORE.SZERZOJE (ISBN,SZERZO) values ('9789631365801','Manfred Flügge');
Insert into BOOKSTORE.SZERZOJE (ISBN,SZERZO) values ('9789631422511','Bartis Attila');
Insert into BOOKSTORE.SZERZOJE (ISBN,SZERZO) values ('9789631425796','Bartis Attila');
Insert into BOOKSTORE.SZERZOJE (ISBN,SZERZO) values ('9789632274690','Friedrich Nietzsche');
Insert into BOOKSTORE.SZERZOJE (ISBN,SZERZO) values ('9789632276359','Anthony Burgess');
Insert into BOOKSTORE.SZERZOJE (ISBN,SZERZO) values ('9789632521213','Stephen W. Hawking');
Insert into BOOKSTORE.SZERZOJE (ISBN,SZERZO) values ('9789633552605','Richard J. Evans');
Insert into BOOKSTORE.SZERZOJE (ISBN,SZERZO) values ('9789634067962','Joe Hill');
Insert into BOOKSTORE.SZERZOJE (ISBN,SZERZO) values ('9789634192541','Jeff Vandermeer');
Insert into BOOKSTORE.SZERZOJE (ISBN,SZERZO) values ('9789634194040','Jeff Vandermeer');
Insert into BOOKSTORE.SZERZOJE (ISBN,SZERZO) values ('9789634194071','Jeff Vandermeer');
Insert into BOOKSTORE.SZERZOJE (ISBN,SZERZO) values ('9789634194347','Dan Simmons');
Insert into BOOKSTORE.SZERZOJE (ISBN,SZERZO) values ('9789634333678','Art Spiegelman');
Insert into BOOKSTORE.SZERZOJE (ISBN,SZERZO) values ('9789634470878','George R. R. Martin');
Insert into BOOKSTORE.SZERZOJE (ISBN,SZERZO) values ('9789634472384','Dan Simmons');
Insert into BOOKSTORE.SZERZOJE (ISBN,SZERZO) values ('9789634700074','Adrian Tchaikovsky');
Insert into BOOKSTORE.SZERZOJE (ISBN,SZERZO) values ('9789634700456','Adrian Tchaikovsky');
Insert into BOOKSTORE.SZERZOJE (ISBN,SZERZO) values ('9789634790853','Stanislaw Lem');
Insert into BOOKSTORE.SZERZOJE (ISBN,SZERZO) values ('9789634792987','Immanuel Kant');
Insert into BOOKSTORE.SZERZOJE (ISBN,SZERZO) values ('9789634793335','Marcus Aurelius');
Insert into BOOKSTORE.SZERZOJE (ISBN,SZERZO) values ('9789639183377','Friedrich Nietzsche');
Insert into BOOKSTORE.SZERZOJE (ISBN,SZERZO) values ('9789639998629','Alan Moore');
Insert into BOOKSTORE.SZERZOJE (ISBN,SZERZO) values ('9789639998629','Eddie Campbell');
--------------------------------------------------------
--  DDL for Index SZERZOJE_PK
--------------------------------------------------------

  CREATE UNIQUE INDEX "BOOKSTORE"."SZERZOJE_PK" ON "BOOKSTORE"."SZERZOJE" ("ISBN", "SZERZO") 
  PCTFREE 10 INITRANS 2 MAXTRANS 255 COMPUTE STATISTICS 
  STORAGE(INITIAL 65536 NEXT 1048576 MINEXTENTS 1 MAXEXTENTS 2147483645
  PCTINCREASE 0 FREELISTS 1 FREELIST GROUPS 1 BUFFER_POOL DEFAULT FLASH_CACHE DEFAULT CELL_FLASH_CACHE DEFAULT)
  TABLESPACE "SYSTEM" ;
--------------------------------------------------------
--  DDL for Index CSOMAG_PK
--------------------------------------------------------

  CREATE UNIQUE INDEX "BOOKSTORE"."CSOMAG_PK" ON "BOOKSTORE"."RENDELES_TETEL" ("RENDELESSZAM", "ISBN") 
  PCTFREE 10 INITRANS 2 MAXTRANS 255 COMPUTE STATISTICS 
  STORAGE(INITIAL 65536 NEXT 1048576 MINEXTENTS 1 MAXEXTENTS 2147483645
  PCTINCREASE 0 FREELISTS 1 FREELIST GROUPS 1 BUFFER_POOL DEFAULT FLASH_CACHE DEFAULT CELL_FLASH_CACHE DEFAULT)
  TABLESPACE "SYSTEM" ;
--------------------------------------------------------
--  Constraints for Table RENDELES_TETEL
--------------------------------------------------------

  ALTER TABLE "BOOKSTORE"."RENDELES_TETEL" ADD CONSTRAINT "CSOMAG_PK" PRIMARY KEY ("RENDELESSZAM", "ISBN")
  USING INDEX PCTFREE 10 INITRANS 2 MAXTRANS 255 COMPUTE STATISTICS 
  STORAGE(INITIAL 65536 NEXT 1048576 MINEXTENTS 1 MAXEXTENTS 2147483645
  PCTINCREASE 0 FREELISTS 1 FREELIST GROUPS 1 BUFFER_POOL DEFAULT FLASH_CACHE DEFAULT CELL_FLASH_CACHE DEFAULT)
  TABLESPACE "SYSTEM"  ENABLE;
--------------------------------------------------------
--  Constraints for Table RENDELES
--------------------------------------------------------

  ALTER TABLE "BOOKSTORE"."RENDELES" MODIFY ("ALLAPOT" NOT NULL ENABLE);
  ALTER TABLE "BOOKSTORE"."RENDELES" MODIFY ("RENDELES_DATUMA" NOT NULL ENABLE);
  ALTER TABLE "BOOKSTORE"."RENDELES" ADD PRIMARY KEY ("RENDELESSZAM")
  USING INDEX PCTFREE 10 INITRANS 2 MAXTRANS 255 COMPUTE STATISTICS 
  STORAGE(INITIAL 65536 NEXT 1048576 MINEXTENTS 1 MAXEXTENTS 2147483645
  PCTINCREASE 0 FREELISTS 1 FREELIST GROUPS 1 BUFFER_POOL DEFAULT FLASH_CACHE DEFAULT CELL_FLASH_CACHE DEFAULT)
  TABLESPACE "SYSTEM"  ENABLE;
  ALTER TABLE "BOOKSTORE"."RENDELES" MODIFY ("SZALLITASI_CIM" NOT NULL ENABLE);
  ALTER TABLE "BOOKSTORE"."RENDELES" MODIFY ("EMAIL" NOT NULL ENABLE);
  ALTER TABLE "BOOKSTORE"."RENDELES" MODIFY ("TELEFONSZAM" NOT NULL ENABLE);
  ALTER TABLE "BOOKSTORE"."RENDELES" MODIFY ("MEGRENDELO" NOT NULL ENABLE);
--------------------------------------------------------
--  Constraints for Table KIADO
--------------------------------------------------------

  ALTER TABLE "BOOKSTORE"."KIADO" ADD PRIMARY KEY ("NEV")
  USING INDEX PCTFREE 10 INITRANS 2 MAXTRANS 255 COMPUTE STATISTICS 
  STORAGE(INITIAL 65536 NEXT 1048576 MINEXTENTS 1 MAXEXTENTS 2147483645
  PCTINCREASE 0 FREELISTS 1 FREELIST GROUPS 1 BUFFER_POOL DEFAULT FLASH_CACHE DEFAULT CELL_FLASH_CACHE DEFAULT)
  TABLESPACE "SYSTEM"  ENABLE;
--------------------------------------------------------
--  Constraints for Table KONYV
--------------------------------------------------------

  ALTER TABLE "BOOKSTORE"."KONYV" MODIFY ("FELVETEL_DATUMA" NOT NULL ENABLE);
  ALTER TABLE "BOOKSTORE"."KONYV" ADD PRIMARY KEY ("ISBN")
  USING INDEX PCTFREE 10 INITRANS 2 MAXTRANS 255 COMPUTE STATISTICS 
  STORAGE(INITIAL 65536 NEXT 1048576 MINEXTENTS 1 MAXEXTENTS 2147483645
  PCTINCREASE 0 FREELISTS 1 FREELIST GROUPS 1 BUFFER_POOL DEFAULT FLASH_CACHE DEFAULT CELL_FLASH_CACHE DEFAULT)
  TABLESPACE "SYSTEM"  ENABLE;
  ALTER TABLE "BOOKSTORE"."KONYV" MODIFY ("KATEGORIA" NOT NULL ENABLE);
  ALTER TABLE "BOOKSTORE"."KONYV" MODIFY ("KIADASI_EV" NOT NULL ENABLE);
  ALTER TABLE "BOOKSTORE"."KONYV" MODIFY ("KIADO" NOT NULL ENABLE);
  ALTER TABLE "BOOKSTORE"."KONYV" MODIFY ("CIM" NOT NULL ENABLE);
--------------------------------------------------------
--  Constraints for Table IRO
--------------------------------------------------------

  ALTER TABLE "BOOKSTORE"."IRO" ADD PRIMARY KEY ("NEV")
  USING INDEX PCTFREE 10 INITRANS 2 MAXTRANS 255 COMPUTE STATISTICS 
  STORAGE(INITIAL 65536 NEXT 1048576 MINEXTENTS 1 MAXEXTENTS 2147483645
  PCTINCREASE 0 FREELISTS 1 FREELIST GROUPS 1 BUFFER_POOL DEFAULT FLASH_CACHE DEFAULT CELL_FLASH_CACHE DEFAULT)
  TABLESPACE "SYSTEM"  ENABLE;
--------------------------------------------------------
--  Constraints for Table KATEGORIA
--------------------------------------------------------

  ALTER TABLE "BOOKSTORE"."KATEGORIA" ADD PRIMARY KEY ("MEGNEVEZES")
  USING INDEX PCTFREE 10 INITRANS 2 MAXTRANS 255 COMPUTE STATISTICS 
  STORAGE(INITIAL 65536 NEXT 1048576 MINEXTENTS 1 MAXEXTENTS 2147483645
  PCTINCREASE 0 FREELISTS 1 FREELIST GROUPS 1 BUFFER_POOL DEFAULT FLASH_CACHE DEFAULT CELL_FLASH_CACHE DEFAULT)
  TABLESPACE "SYSTEM"  ENABLE;
--------------------------------------------------------
--  Constraints for Table SZERZOJE
--------------------------------------------------------

  ALTER TABLE "BOOKSTORE"."SZERZOJE" ADD CONSTRAINT "SZERZOJE_PK" PRIMARY KEY ("ISBN", "SZERZO")
  USING INDEX PCTFREE 10 INITRANS 2 MAXTRANS 255 COMPUTE STATISTICS 
  STORAGE(INITIAL 65536 NEXT 1048576 MINEXTENTS 1 MAXEXTENTS 2147483645
  PCTINCREASE 0 FREELISTS 1 FREELIST GROUPS 1 BUFFER_POOL DEFAULT FLASH_CACHE DEFAULT CELL_FLASH_CACHE DEFAULT)
  TABLESPACE "SYSTEM"  ENABLE;
--------------------------------------------------------
--  Ref Constraints for Table KATEGORIA
--------------------------------------------------------

  ALTER TABLE "BOOKSTORE"."KATEGORIA" ADD FOREIGN KEY ("FOKATEGORIA")
	  REFERENCES "BOOKSTORE"."KATEGORIA" ("MEGNEVEZES") ENABLE;
--------------------------------------------------------
--  Ref Constraints for Table KONYV
--------------------------------------------------------

  ALTER TABLE "BOOKSTORE"."KONYV" ADD FOREIGN KEY ("KIADO")
	  REFERENCES "BOOKSTORE"."KIADO" ("NEV") ENABLE;
  ALTER TABLE "BOOKSTORE"."KONYV" ADD FOREIGN KEY ("KATEGORIA")
	  REFERENCES "BOOKSTORE"."KATEGORIA" ("MEGNEVEZES") ENABLE;
--------------------------------------------------------
--  Ref Constraints for Table RENDELES_TETEL
--------------------------------------------------------

  ALTER TABLE "BOOKSTORE"."RENDELES_TETEL" ADD FOREIGN KEY ("RENDELESSZAM")
	  REFERENCES "BOOKSTORE"."RENDELES" ("RENDELESSZAM") ON DELETE CASCADE ENABLE;
  ALTER TABLE "BOOKSTORE"."RENDELES_TETEL" ADD FOREIGN KEY ("ISBN")
	  REFERENCES "BOOKSTORE"."KONYV" ("ISBN") ON DELETE SET NULL ENABLE;
--------------------------------------------------------
--  Ref Constraints for Table SZERZOJE
--------------------------------------------------------

  ALTER TABLE "BOOKSTORE"."SZERZOJE" ADD CONSTRAINT "SYS_C007178" FOREIGN KEY ("ISBN")
	  REFERENCES "BOOKSTORE"."KONYV" ("ISBN") ENABLE;
  ALTER TABLE "BOOKSTORE"."SZERZOJE" ADD CONSTRAINT "SYS_C007179" FOREIGN KEY ("SZERZO")
	  REFERENCES "BOOKSTORE"."IRO" ("NEV") ENABLE;
